filename,label
Normal-289.png,0
Tuberculosis-502.png,1
Normal-3447.png,0
Normal-3492.png,0
Normal-1282.png,0
Normal-2175.png,0
Tuberculosis-508.png,1
Tuberculosis-340.png,1
Normal-1319.png,0
Normal-722.png,0
Normal-1702.png,0
Normal-3135.png,0
Tuberculosis-586.png,1
Tuberculosis-210.png,1
Tuberculosis-380.png,1
Normal-2945.png,0
Normal-3281.png,0
Tuberculosis-432.png,1
Normal-2586.png,0
Tuberculosis-121.png,1
Normal-687.png,0
Tuberculosis-242.png,1
Normal-416.png,0
Normal-1550.png,0
Normal-2660.png,0
Tuberculosis-312.png,1
Normal-2555.png,0
Normal-786.png,0
Normal-252.png,0
Normal-488.png,0
Normal-2063.png,0
Normal-3466.png,0
Normal-2475.png,0
Normal-2256.png,0
Tuberculosis-270.png,1
Tuberculosis-325.png,1
Tuberculosis-302.png,1
Normal-151.png,0
Normal-321.png,0
Normal-472.png,0
Normal-2118.png,0
Tuberculosis-450.png,1
Tuberculosis-378.png,1
Normal-625.png,0
Normal-2383.png,0
Normal-2651.png,0
Tuberculosis-165.png,1
Normal-1179.png,0
Normal-1971.png,0
Normal-868.png,0
Normal-2928.png,0
Normal-2237.png,0
Normal-1712.png,0
Normal-1750.png,0
Normal-2357.png,0
Normal-53.png,0
Normal-2836.png,0
Normal-3322.png,0
Normal-2442.png,0
Normal-2860.png,0
Normal-2132.png,0
Normal-1329.png,0
Normal-2037.png,0
Normal-2268.png,0
Tuberculosis-152.png,1
Normal-2571.png,0
Normal-382.png,0
Normal-2445.png,0
Tuberculosis-246.png,1
Normal-2412.png,0
Normal-2004.png,0
Normal-3416.png,0
Normal-2917.png,0
Normal-2181.png,0
Normal-2075.png,0
Normal-3298.png,0
Normal-1736.png,0
Normal-764.png,0
Normal-2027.png,0
Tuberculosis-162.png,1
Normal-1134.png,0
Normal-1659.png,0
Normal-1566.png,0
Normal-2545.png,0
Normal-2296.png,0
Normal-544.png,0
Normal-1385.png,0
Normal-1416.png,0
Normal-732.png,0
Tuberculosis-557.png,1
Normal-3267.png,0
Normal-13.png,0
Tuberculosis-114.png,1
Tuberculosis-44.png,1
Normal-703.png,0
Normal-446.png,0
Normal-2670.png,0
Normal-742.png,0
Normal-955.png,0
Normal-97.png,0
Normal-336.png,0
Normal-75.png,0
Tuberculosis-164.png,1
Tuberculosis-605.png,1
Normal-1541.png,0
Normal-2691.png,0
Normal-3042.png,0
Normal-214.png,0
Normal-3457.png,0
Normal-3118.png,0
Normal-1019.png,0
Normal-1236.png,0
Normal-2714.png,0
Normal-2030.png,0
Normal-1149.png,0
Normal-1607.png,0
Normal-878.png,0
Normal-80.png,0
Normal-2459.png,0
Normal-1061.png,0
Normal-1082.png,0
Normal-2663.png,0
Normal-243.png,0
Normal-2387.png,0
Tuberculosis-250.png,1
Tuberculosis-218.png,1
Normal-3485.png,0
Normal-3000.png,0
Normal-1106.png,0
Normal-2589.png,0
Normal-165.png,0
Tuberculosis-416.png,1
Normal-161.png,0
Tuberculosis-414.png,1
Normal-2487.png,0
Normal-2915.png,0
Normal-157.png,0
Normal-228.png,0
Normal-118.png,0
Tuberculosis-431.png,1
Normal-1622.png,0
Tuberculosis-12.png,1
Normal-1013.png,0
Tuberculosis-417.png,1
Tuberculosis-190.png,1
Normal-67.png,0
Tuberculosis-128.png,1
Normal-172.png,0
Tuberculosis-209.png,1
Normal-1289.png,0
Tuberculosis-188.png,1
Normal-2874.png,0
Tuberculosis-545.png,1
Normal-3285.png,0
Normal-108.png,0
Normal-496.png,0
Normal-1307.png,0
Normal-2366.png,0
Tuberculosis-67.png,1
Normal-1831.png,0
Normal-2050.png,0
Normal-2537.png,0
Normal-523.png,0
Normal-897.png,0
Normal-587.png,0
Normal-1095.png,0
Normal-2561.png,0
Tuberculosis-291.png,1
Normal-1368.png,0
Normal-3426.png,0
Tuberculosis-664.png,1
Normal-145.png,0
Normal-2842.png,0
Normal-12.png,0
Normal-2518.png,0
Normal-1782.png,0
Normal-2486.png,0
Normal-1947.png,0
Tuberculosis-11.png,1
Normal-2302.png,0
Normal-2983.png,0
Normal-1970.png,0
Normal-1269.png,0
Normal-2293.png,0
Normal-2278.png,0
Normal-224.png,0
Normal-4.png,0
Normal-3244.png,0
Tuberculosis-177.png,1
Tuberculosis-370.png,1
Normal-1816.png,0
Normal-932.png,0
Normal-129.png,0
Tuberculosis-96.png,1
Normal-1890.png,0
Normal-442.png,0
Normal-3170.png,0
Normal-3197.png,0
Tuberculosis-8.png,1
Normal-102.png,0
Normal-2694.png,0
Normal-1862.png,0
Tuberculosis-198.png,1
Normal-2226.png,0
Normal-3422.png,0
Normal-2955.png,0
Normal-1229.png,0
Normal-2526.png,0
Normal-2644.png,0
Normal-939.png,0
Normal-173.png,0
Normal-734.png,0
Tuberculosis-482.png,1
Tuberculosis-34.png,1
Normal-2679.png,0
Normal-2763.png,0
Normal-301.png,0
Normal-2751.png,0
Normal-2303.png,0
Normal-2165.png,0
Normal-3352.png,0
Normal-1244.png,0
Normal-535.png,0
Tuberculosis-591.png,1
Normal-3038.png,0
Normal-2091.png,0
Normal-239.png,0
Normal-3449.png,0
Normal-1857.png,0
Normal-2949.png,0
Tuberculosis-395.png,1
Normal-959.png,0
Normal-2603.png,0
Normal-2648.png,0
Normal-2055.png,0
Normal-2201.png,0
Normal-2762.png,0
Normal-3060.png,0
Normal-2839.png,0
Normal-1542.png,0
Tuberculosis-655.png,1
Normal-2173.png,0
Normal-3158.png,0
Normal-1739.png,0
Normal-2639.png,0
Normal-3126.png,0
Tuberculosis-396.png,1
Normal-2953.png,0
Normal-1914.png,0
Tuberculosis-483.png,1
Normal-1803.png,0
Normal-1400.png,0
Tuberculosis-63.png,1
Normal-192.png,0
Normal-818.png,0
Normal-1363.png,0
Normal-865.png,0
Tuberculosis-465.png,1
Normal-1462.png,0
Normal-3368.png,0
Normal-710.png,0
Normal-3374.png,0
Normal-1221.png,0
Tuberculosis-247.png,1
Normal-623.png,0
Normal-1758.png,0
Tuberculosis-673.png,1
Normal-3497.png,0
Normal-1446.png,0
Normal-2421.png,0
Normal-3106.png,0
Normal-79.png,0
Tuberculosis-549.png,1
Normal-751.png,0
Normal-81.png,0
Normal-2592.png,0
Normal-1960.png,0
Normal-2620.png,0
Normal-2818.png,0
Normal-3116.png,0
Normal-277.png,0
Normal-3496.png,0
Tuberculosis-331.png,1
Normal-882.png,0
Normal-826.png,0
Normal-1214.png,0
Normal-733.png,0
Normal-854.png,0
Normal-1253.png,0
Tuberculosis-217.png,1
Normal-1546.png,0
Normal-2415.png,0
Normal-632.png,0
Normal-399.png,0
Normal-2752.png,0
Normal-2379.png,0
Normal-295.png,0
Normal-2966.png,0
Normal-2539.png,0
Tuberculosis-183.png,1
Normal-844.png,0
Normal-2556.png,0
Normal-1829.png,0
Normal-2637.png,0
Tuberculosis-402.png,1
Tuberculosis-488.png,1
Normal-2577.png,0
Normal-3254.png,0
Tuberculosis-163.png,1
Normal-676.png,0
Normal-740.png,0
Normal-424.png,0
Tuberculosis-444.png,1
Normal-2811.png,0
Normal-2155.png,0
Tuberculosis-595.png,1
Normal-727.png,0
Tuberculosis-167.png,1
Normal-1270.png,0
Normal-1771.png,0
Normal-754.png,0
Normal-899.png,0
Normal-1943.png,0
Normal-60.png,0
Tuberculosis-509.png,1
Normal-2803.png,0
Normal-592.png,0
Normal-312.png,0
Normal-863.png,0
Normal-1148.png,0
Normal-2444.png,0
Normal-1014.png,0
Normal-935.png,0
Normal-222.png,0
Normal-342.png,0
Normal-3247.png,0
Normal-793.png,0
Tuberculosis-439.png,1
Normal-386.png,0
Normal-223.png,0
Normal-3334.png,0
Normal-3175.png,0
Normal-953.png,0
Normal-489.png,0
Normal-1047.png,0
Normal-3051.png,0
Normal-2130.png,0
Tuberculosis-543.png,1
Normal-2695.png,0
Normal-3343.png,0
Tuberculosis-313.png,1
Normal-430.png,0
Normal-1206.png,0
Normal-2746.png,0
Tuberculosis-500.png,1
Normal-1993.png,0
Normal-1008.png,0
Normal-1424.png,0
Normal-1087.png,0
Normal-400.png,0
Normal-1886.png,0
Normal-2192.png,0
Normal-2057.png,0
Normal-1053.png,0
Normal-2829.png,0
Tuberculosis-382.png,1
Normal-3411.png,0
Normal-2051.png,0
Normal-318.png,0
Tuberculosis-345.png,1
Normal-2496.png,0
Normal-2765.png,0
Normal-26.png,0
Normal-1649.png,0
Tuberculosis-478.png,1
Normal-2019.png,0
Normal-3037.png,0
Normal-2402.png,0
Normal-2625.png,0
Normal-2641.png,0
Tuberculosis-269.png,1
Normal-395.png,0
Normal-71.png,0
Normal-1976.png,0
Normal-1602.png,0
Normal-1359.png,0
Normal-1347.png,0
Tuberculosis-401.png,1
Tuberculosis-204.png,1
Normal-2274.png,0
Normal-1498.png,0
Normal-2266.png,0
Normal-1683.png,0
Normal-2233.png,0
Normal-2784.png,0
Normal-2606.png,0
Tuberculosis-530.png,1
Normal-1477.png,0
Normal-493.png,0
Tuberculosis-159.png,1
Tuberculosis-596.png,1
Tuberculosis-563.png,1
Normal-605.png,0
Tuberculosis-551.png,1
Normal-2757.png,0
Tuberculosis-618.png,1
Normal-3444.png,0
Tuberculosis-526.png,1
Normal-226.png,0
Tuberculosis-334.png,1
Normal-1379.png,0
Tuberculosis-237.png,1
Normal-3011.png,0
Tuberculosis-200.png,1
Normal-3424.png,0
Normal-2786.png,0
Normal-2890.png,0
Normal-657.png,0
Normal-1957.png,0
Normal-705.png,0
Normal-2073.png,0
Normal-423.png,0
Normal-2478.png,0
Normal-1558.png,0
Normal-2524.png,0
Normal-1420.png,0
Tuberculosis-453.png,1
Normal-858.png,0
Normal-3454.png,0
Normal-2378.png,0
Normal-2858.png,0
Normal-1324.png,0
Normal-3218.png,0
Normal-1586.png,0
Normal-178.png,0
Normal-351.png,0
Normal-2138.png,0
Normal-138.png,0
Normal-485.png,0
Normal-2371.png,0
Normal-311.png,0
Normal-448.png,0
Normal-495.png,0
Normal-635.png,0
Normal-677.png,0
Normal-181.png,0
Normal-2972.png,0
Normal-2083.png,0
Tuberculosis-336.png,1
Normal-2158.png,0
Normal-221.png,0
Normal-1954.png,0
Tuberculosis-535.png,1
Normal-1942.png,0
Normal-2878.png,0
Normal-310.png,0
Tuberculosis-398.png,1
Normal-2865.png,0
Normal-3282.png,0
Normal-2263.png,0
Normal-1248.png,0
Normal-3383.png,0
Normal-2947.png,0
Normal-2550.png,0
Normal-2830.png,0
Normal-1990.png,0
Normal-2044.png,0
Normal-1252.png,0
Normal-1768.png,0
Normal-2522.png,0
Normal-153.png,0
Normal-1367.png,0
Normal-3119.png,0
Normal-3271.png,0
Normal-1132.png,0
Normal-47.png,0
Normal-68.png,0
Normal-1033.png,0
Normal-334.png,0
Normal-3462.png,0
Normal-2330.png,0
Normal-1168.png,0
Normal-1262.png,0
Normal-1773.png,0
Normal-1925.png,0
Normal-484.png,0
Normal-779.png,0
Normal-1005.png,0
Normal-3255.png,0
Normal-41.png,0
Normal-2386.png,0
Normal-3407.png,0
Normal-542.png,0
Normal-3256.png,0
Tuberculosis-70.png,1
Normal-3293.png,0
Normal-2059.png,0
Normal-636.png,0
Normal-3008.png,0
Normal-969.png,0
Normal-2211.png,0
Normal-3280.png,0
Normal-212.png,0
Normal-1594.png,0
Tuberculosis-94.png,1
Normal-514.png,0
Tuberculosis-285.png,1
Normal-1273.png,0
Normal-580.png,0
Normal-1376.png,0
Normal-712.png,0
Tuberculosis-361.png,1
Tuberculosis-125.png,1
Normal-1685.png,0
Tuberculosis-319.png,1
Normal-1909.png,0
Normal-2901.png,0
Normal-3478.png,0
Normal-2501.png,0
Normal-380.png,0
Normal-1127.png,0
Normal-2426.png,0
Normal-864.png,0
Normal-1300.png,0
Normal-457.png,0
Normal-593.png,0
Normal-266.png,0
Normal-1261.png,0
Normal-2840.png,0
Normal-1628.png,0
Normal-1026.png,0
Normal-2377.png,0
Tuberculosis-377.png,1
Tuberculosis-155.png,1
Normal-1091.png,0
Tuberculosis-351.png,1
Normal-3131.png,0
Normal-525.png,0
Normal-2193.png,0
Normal-15.png,0
Normal-1454.png,0
Normal-756.png,0
Normal-942.png,0
Normal-2789.png,0
Normal-3074.png,0
Normal-1231.png,0
Normal-1029.png,0
Normal-554.png,0
Normal-1386.png,0
Normal-2716.png,0
Normal-1719.png,0
Tuberculosis-490.png,1
Normal-3417.png,0
Normal-3339.png,0
Normal-328.png,0
Normal-1789.png,0
Tuberculosis-539.png,1
Normal-2988.png,0
Normal-2210.png,0
Normal-2306.png,0
Normal-1216.png,0
Normal-1067.png,0
Tuberculosis-76.png,1
Tuberculosis-119.png,1
Normal-1104.png,0
Normal-259.png,0
Tuberculosis-661.png,1
Normal-2239.png,0
Normal-397.png,0
Normal-2286.png,0
Normal-1529.png,0
Normal-1861.png,0
Normal-1536.png,0
Normal-1294.png,0
Normal-2597.png,0
Normal-1129.png,0
Normal-1949.png,0
Normal-1874.png,0
Normal-85.png,0
Normal-3076.png,0
Normal-841.png,0
Normal-2392.png,0
Normal-916.png,0
Normal-831.png,0
Normal-236.png,0
Normal-1310.png,0
Tuberculosis-556.png,1
Normal-2252.png,0
Normal-1697.png,0
Normal-569.png,0
Normal-292.png,0
Normal-2508.png,0
Normal-2347.png,0
Normal-384.png,0
Normal-2931.png,0
Normal-3438.png,0
Normal-3138.png,0
Normal-3455.png,0
Normal-500.png,0
Tuberculosis-583.png,1
Tuberculosis-43.png,1
Normal-1994.png,0
Normal-2925.png,0
Normal-755.png,0
Tuberculosis-93.png,1
Normal-1187.png,0
Normal-1959.png,0
Normal-1292.png,0
Tuberculosis-224.png,1
Normal-1277.png,0
Normal-2388.png,0
Normal-765.png,0
Normal-700.png,0
Normal-872.png,0
Normal-1515.png,0
Normal-1175.png,0
Normal-2511.png,0
Normal-3146.png,0
Normal-889.png,0
Normal-836.png,0
Normal-358.png,0
Normal-2744.png,0
Tuberculosis-206.png,1
Normal-331.png,0
Normal-1439.png,0
Tuberculosis-215.png,1
Tuberculosis-640.png,1
Tuberculosis-639.png,1
Normal-981.png,0
Normal-2843.png,0
Tuberculosis-138.png,1
Normal-3375.png,0
Normal-2832.png,0
Normal-1891.png,0
Normal-978.png,0
Normal-2351.png,0
Tuberculosis-347.png,1
Normal-1707.png,0
Normal-3410.png,0
Normal-2457.png,0
Tuberculosis-65.png,1
Normal-917.png,0
Normal-691.png,0
Normal-1635.png,0
Normal-805.png,0
Normal-316.png,0
Normal-1298.png,0
Normal-210.png,0
Tuberculosis-468.png,1
Normal-2978.png,0
Normal-861.png,0
Normal-2914.png,0
Normal-2666.png,0
Normal-2024.png,0
Normal-2440.png,0
Normal-559.png,0
Normal-1797.png,0
Normal-2959.png,0
Normal-2904.png,0
Normal-2356.png,0
Normal-2801.png,0
Tuberculosis-289.png,1
Normal-1646.png,0
Tuberculosis-412.png,1
Normal-291.png,0
Normal-913.png,0
Tuberculosis-301.png,1
Normal-1654.png,0
Normal-251.png,0
Normal-1848.png,0
Tuberculosis-538.png,1
Normal-957.png,0
Normal-3350.png,0
Tuberculosis-443.png,1
Normal-34.png,0
Normal-3470.png,0
Normal-1984.png,0
Tuberculosis-253.png,1
Normal-1805.png,0
Tuberculosis-633.png,1
Normal-678.png,0
Normal-780.png,0
Tuberculosis-507.png,1
Normal-2787.png,0
Normal-1094.png,0
Normal-260.png,0
Normal-610.png,0
Normal-1704.png,0
Normal-2425.png,0
Normal-279.png,0
Normal-837.png,0
Normal-1007.png,0
Normal-3150.png,0
Normal-2119.png,0
Normal-70.png,0
Normal-1447.png,0
Normal-3104.png,0
Normal-1847.png,0
Normal-3108.png,0
Tuberculosis-527.png,1
Normal-3493.png,0
Normal-2706.png,0
Normal-2798.png,0
Tuberculosis-338.png,1
Normal-595.png,0
Normal-1605.png,0
Normal-1259.png,0
Normal-3378.png,0
Normal-821.png,0
Normal-662.png,0
Normal-2697.png,0
Normal-526.png,0
Normal-2636.png,0
Normal-1201.png,0
Normal-1840.png,0
Normal-3213.png,0
Normal-2360.png,0
Normal-3058.png,0
Normal-2067.png,0
Normal-1872.png,0
Tuberculosis-277.png,1
Normal-2140.png,0
Normal-650.png,0
Normal-2200.png,0
Normal-2258.png,0
Normal-2923.png,0
Tuberculosis-132.png,1
Normal-2705.png,0
Tuberculosis-610.png,1
Tuberculosis-590.png,1
Normal-2389.png,0
Normal-2979.png,0
Normal-45.png,0
Normal-2772.png,0
Tuberculosis-642.png,1
Tuberculosis-373.png,1
Normal-3319.png,0
Normal-2043.png,0
Normal-3142.png,0
Normal-1838.png,0
Tuberculosis-679.png,1
Normal-1570.png,0
Tuberculosis-39.png,1
Normal-869.png,0
Normal-305.png,0
Normal-126.png,0
Normal-1802.png,0
Normal-2284.png,0
Normal-2040.png,0
Normal-1672.png,0
Normal-2777.png,0
Normal-1457.png,0
Normal-2065.png,0
Normal-443.png,0
Normal-372.png,0
Normal-631.png,0
Normal-2431.png,0
Normal-620.png,0
Normal-1017.png,0
Normal-532.png,0
Normal-982.png,0
Normal-2819.png,0
Normal-2885.png,0
Normal-1715.png,0
Normal-207.png,0
Normal-470.png,0
Normal-533.png,0
Normal-566.png,0
Tuberculosis-309.png,1
Tuberculosis-278.png,1
Tuberculosis-420.png,1
Normal-3081.png,0
Normal-149.png,0
Normal-658.png,0
Tuberculosis-576.png,1
Normal-293.png,0
Normal-2124.png,0
Normal-3439.png,0
Normal-2981.png,0
Normal-3337.png,0
Tuberculosis-584.png,1
Normal-3381.png,0
Normal-3139.png,0
Tuberculosis-49.png,1
Normal-1619.png,0
Normal-1364.png,0
Tuberculosis-684.png,1
Normal-1956.png,0
Normal-343.png,0
Normal-3388.png,0
Normal-58.png,0
Normal-2688.png,0
Normal-2778.png,0
Normal-3253.png,0
Normal-1601.png,0
Normal-2321.png,0
Normal-116.png,0
Normal-2911.png,0
Normal-1734.png,0
Normal-962.png,0
Normal-2385.png,0
Normal-976.png,0
Normal-2021.png,0
Normal-2871.png,0
Normal-1883.png,0
Normal-1511.png,0
Tuberculosis-90.png,1
Tuberculosis-306.png,1
Normal-101.png,0
Normal-852.png,0
Normal-3232.png,0
Normal-2823.png,0
Tuberculosis-437.png,1
Normal-598.png,0
Normal-36.png,0
Normal-697.png,0
Normal-1703.png,0
Normal-2850.png,0
Normal-250.png,0
Normal-48.png,0
Normal-2598.png,0
Tuberculosis-354.png,1
Normal-1753.png,0
Normal-787.png,0
Normal-814.png,0
Normal-3386.png,0
Normal-2455.png,0
Normal-406.png,0
Normal-1235.png,0
Tuberculosis-521.png,1
Normal-1464.png,0
Normal-1877.png,0
Tuberculosis-622.png,1
Tuberculosis-296.png,1
Normal-2584.png,0
Normal-190.png,0
Normal-1169.png,0
Normal-2290.png,0
Tuberculosis-534.png,1
Normal-3004.png,0
Tuberculosis-389.png,1
Normal-1271.png,0
Tuberculosis-452.png,1
Normal-3121.png,0
Normal-2255.png,0
Normal-1640.png,0
Tuberculosis-129.png,1
Normal-271.png,0
Normal-1220.png,0
Normal-834.png,0
Normal-1445.png,0
Normal-1611.png,0
Normal-1209.png,0
Tuberculosis-449.png,1
Tuberculosis-531.png,1
Normal-2802.png,0
Normal-2689.png,0
Normal-880.png,0
Tuberculosis-284.png,1
Tuberculosis-405.png,1
Normal-866.png,0
Normal-915.png,0
Normal-1656.png,0
Normal-3490.png,0
Normal-363.png,0
Tuberculosis-328.png,1
Normal-3103.png,0
Normal-2171.png,0
Normal-1256.png,0
Normal-9.png,0
Tuberculosis-2.png,1
Normal-2954.png,0
Tuberculosis-258.png,1
Normal-987.png,0
Normal-2464.png,0
Tuberculosis-445.png,1
Normal-1375.png,0
Tuberculosis-64.png,1
Normal-3159.png,0
Normal-2675.png,0
Normal-895.png,0
Normal-2747.png,0
Tuberculosis-23.png,1
Normal-3440.png,0
Normal-2590.png,0
Normal-2717.png,0
Normal-588.png,0
Tuberculosis-608.png,1
Tuberculosis-211.png,1
Normal-2696.png,0
Normal-1800.png,0
Tuberculosis-329.png,1
Normal-2886.png,0
Normal-3161.png,0
Normal-543.png,0
Normal-2078.png,0
Normal-1837.png,0
Normal-452.png,0
Normal-3154.png,0
Normal-198.png,0
Normal-671.png,0
Normal-728.png,0
Normal-3114.png,0
Normal-2332.png,0
Normal-2657.png,0
Normal-1587.png,0
Normal-645.png,0
Normal-3500.png,0
Normal-795.png,0
Normal-1280.png,0
Normal-956.png,0
Normal-3117.png,0
Normal-66.png,0
Normal-673.png,0
Normal-2339.png,0
Tuberculosis-15.png,1
Normal-1397.png,0
Normal-256.png,0
Tuberculosis-346.png,1
Normal-1403.png,0
Normal-3045.png,0
Normal-2591.png,0
Normal-427.png,0
Normal-2473.png,0
Tuberculosis-388.png,1
Normal-425.png,0
Normal-3006.png,0
Normal-735.png,0
Tuberculosis-186.png,1
Normal-160.png,0
Normal-1524.png,0
Tuberculosis-429.png,1
Normal-306.png,0
Normal-2826.png,0
Normal-1528.png,0
Normal-278.png,0
Normal-3200.png,0
Normal-2214.png,0
Normal-1172.png,0
Normal-40.png,0
Normal-1114.png,0
Normal-1728.png,0
Tuberculosis-182.png,1
Normal-2965.png,0
Normal-1884.png,0
Normal-3362.png,0
Tuberculosis-658.png,1
Normal-3035.png,0
Normal-1417.png,0
Normal-2334.png,0
Normal-1394.png,0
Normal-1938.png,0
Normal-1555.png,0
Normal-3430.png,0
Normal-3169.png,0
Normal-2262.png,0
Normal-2538.png,0
Normal-2873.png,0
Normal-556.png,0
Normal-1407.png,0
Normal-3249.png,0
Normal-3100.png,0
Normal-1720.png,0
Normal-1623.png,0
Normal-72.png,0
Normal-52.png,0
Normal-2662.png,0
Normal-3223.png,0
Normal-1507.png,0
Normal-3132.png,0
Normal-1202.png,0
Normal-3102.png,0
Normal-1398.png,0
Tuberculosis-436.png,1
Normal-2877.png,0
Normal-2852.png,0
Normal-1480.png,0
Normal-324.png,0
Normal-389.png,0
Normal-2308.png,0
Normal-3240.png,0
Tuberculosis-79.png,1
Normal-269.png,0
Normal-3409.png,0
Tuberculosis-644.png,1
Normal-1534.png,0
Normal-245.png,0
Normal-2630.png,0
Normal-3136.png,0
Normal-2476.png,0
Normal-1563.png,0
Tuberculosis-330.png,1
Normal-2423.png,0
Tuberculosis-147.png,1
Normal-2046.png,0
Normal-3127.png,0
Normal-510.png,0
Normal-390.png,0
Tuberculosis-694.png,1
Normal-441.png,0
Normal-2854.png,0
Normal-2484.png,0
Normal-685.png,0
Normal-1225.png,0
Normal-133.png,0
Normal-1323.png,0
Normal-174.png,0
Normal-189.png,0
Normal-825.png,0
Normal-2963.png,0
Normal-2572.png,0
Tuberculosis-321.png,1
Normal-1523.png,0
Normal-1501.png,0
Tuberculosis-492.png,1
Normal-3385.png,0
Normal-1113.png,0
Tuberculosis-166.png,1
Normal-2280.png,0
Tuberculosis-433.png,1
Normal-707.png,0
Normal-914.png,0
Normal-3243.png,0
Normal-3241.png,0
Normal-3212.png,0
Normal-2629.png,0
Normal-2790.png,0
Tuberculosis-77.png,1
Normal-2081.png,0
Normal-2868.png,0
Tuberculosis-588.png,1
Tuberculosis-485.png,1
Normal-3184.png,0
Normal-1243.png,0
Normal-2948.png,0
Normal-927.png,0
Normal-339.png,0
Normal-3225.png,0
Tuberculosis-143.png,1
Normal-3326.png,0
Normal-2243.png,0
Normal-931.png,0
Normal-2846.png,0
Normal-1742.png,0
Normal-3366.png,0
Normal-3056.png,0
Normal-1071.png,0
Normal-1500.png,0
Normal-1746.png,0
Normal-2327.png,0
Normal-719.png,0
Normal-2605.png,0
Normal-857.png,0
Normal-409.png,0
Tuberculosis-471.png,1
Normal-2942.png,0
Normal-1174.png,0
Normal-2704.png,0
Normal-508.png,0
Normal-2428.png,0
Normal-491.png,0
Tuberculosis-418.png,1
Tuberculosis-669.png,1
Normal-2259.png,0
Normal-3065.png,0
Normal-2017.png,0
Tuberculosis-150.png,1
Normal-2594.png,0
Normal-1665.png,0
Normal-3436.png,0
Tuberculosis-381.png,1
Normal-14.png,0
Normal-968.png,0
Tuberculosis-676.png,1
Normal-1284.png,0
Normal-1690.png,0
Normal-3291.png,0
Normal-374.png,0
Normal-2797.png,0
Normal-2072.png,0
Normal-3297.png,0
Normal-586.png,0
Normal-25.png,0
Normal-951.png,0
Normal-901.png,0
Normal-3105.png,0
Tuberculosis-248.png,1
Normal-1893.png,0
Normal-1632.png,0
Normal-1212.png,0
Normal-1756.png,0
Normal-2217.png,0
Normal-3077.png,0
Normal-3287.png,0
Normal-1699.png,0
Normal-201.png,0
Tuberculosis-406.png,1
Normal-76.png,0
Normal-1568.png,0
Normal-2821.png,0
Normal-1510.png,0
Normal-1934.png,0
Tuberculosis-457.png,1
Tuberculosis-1.png,1
Normal-2671.png,0
Normal-2726.png,0
Normal-1730.png,0
Normal-1384.png,0
Normal-2638.png,0
Normal-769.png,0
Normal-881.png,0
Normal-1354.png,0
Normal-2364.png,0
Normal-2774.png,0
Normal-378.png,0
Normal-2782.png,0
Normal-1749.png,0
Normal-1896.png,0
Normal-2227.png,0
Normal-3034.png,0
Normal-233.png,0
Normal-231.png,0
Normal-1675.png,0
Normal-2248.png,0
Normal-1092.png,0
Normal-2736.png,0
Normal-2323.png,0
Normal-2503.png,0
Normal-3358.png,0
Normal-2271.png,0
Normal-1933.png,0
Normal-823.png,0
Normal-1465.png,0
Tuberculosis-195.png,1
Normal-1547.png,0
Normal-1560.png,0
Normal-2820.png,0
Normal-681.png,0
Tuberculosis-537.png,1
Normal-995.png,0
Normal-1919.png,0
Normal-3257.png,0
Normal-1389.png,0
Normal-760.png,0
Normal-3365.png,0
Normal-2018.png,0
Normal-373.png,0
Normal-344.png,0
Normal-986.png,0
Normal-1516.png,0
Normal-1125.png,0
Normal-3475.png,0
Normal-3160.png,0
Tuberculosis-19.png,1
Normal-1571.png,0
Normal-877.png,0
Normal-3107.png,0
Normal-1937.png,0
Normal-2992.png,0
Normal-749.png,0
Normal-885.png,0
Normal-1293.png,0
Normal-698.png,0
Normal-2153.png,0
Tuberculosis-203.png,1
Normal-166.png,0
Tuberculosis-578.png,1
Normal-1011.png,0
Normal-1405.png,0
Normal-1729.png,0
Normal-299.png,0
Normal-2103.png,0
Normal-1735.png,0
Normal-3133.png,0
Normal-323.png,0
Normal-2370.png,0
Normal-2960.png,0
Normal-3130.png,0
Normal-2154.png,0
Tuberculosis-648.png,1
Normal-2023.png,0
Normal-630.png,0
Normal-2950.png,0
Normal-977.png,0
Normal-2678.png,0
Tuberculosis-384.png,1
Normal-261.png,0
Tuberculosis-700.png,1
Normal-1676.png,0
Normal-3079.png,0
Tuberculosis-362.png,1
Normal-492.png,0
Tuberculosis-683.png,1
Normal-1056.png,0
Normal-1527.png,0
Tuberculosis-7.png,1
Normal-1303.png,0
Normal-1794.png,0
Normal-64.png,0
Normal-2775.png,0
Normal-1871.png,0
Normal-527.png,0
Normal-2206.png,0
Normal-2997.png,0
Normal-22.png,0
Tuberculosis-223.png,1
Normal-3242.png,0
Normal-1955.png,0
Normal-3330.png,0
Normal-1543.png,0
Normal-2460.png,0
Tuberculosis-434.png,1
Normal-1230.png,0
Normal-573.png,0
Normal-2738.png,0
Normal-308.png,0
Normal-1565.png,0
Normal-1615.png,0
Normal-2352.png,0
Normal-2405.png,0
Normal-801.png,0
Normal-2703.png,0
Normal-152.png,0
Normal-3396.png,0
Normal-2499.png,0
Normal-96.png,0
Normal-1859.png,0
Normal-2312.png,0
Normal-2669.png,0
Normal-2681.png,0
Tuberculosis-466.png,1
Normal-1466.png,0
Normal-1041.png,0
Normal-1539.png,0
Normal-1185.png,0
Normal-3372.png,0
Normal-2422.png,0
Normal-1163.png,0
Normal-1912.png,0
Tuberculosis-522.png,1
Normal-2881.png,0
Normal-3234.png,0
Normal-119.png,0
Normal-134.png,0
Normal-3129.png,0
Normal-2771.png,0
Normal-3384.png,0
Normal-1296.png,0
Normal-3399.png,0
Tuberculosis-294.png,1
Normal-3029.png,0
Tuberculosis-219.png,1
Normal-2647.png,0
Normal-2146.png,0
Normal-2544.png,0
Normal-3400.png,0
Normal-2205.png,0
Normal-1951.png,0
Normal-3338.png,0
Normal-850.png,0
Tuberculosis-603.png,1
Normal-2622.png,0
Normal-330.png,0
Normal-1732.png,0
Tuberculosis-677.png,1
Normal-2222.png,0
Normal-2036.png,0
Tuberculosis-324.png,1
Normal-1670.png,0
Normal-3459.png,0
Normal-17.png,0
Normal-2674.png,0
Normal-2897.png,0
Normal-2456.png,0
Tuberculosis-220.png,1
Normal-3174.png,0
Normal-1584.png,0
Normal-1737.png,0
Normal-462.png,0
Normal-1540.png,0
Normal-8.png,0
Normal-1377.png,0
Normal-1950.png,0
Tuberculosis-650.png,1
Normal-2540.png,0
Normal-381.png,0
Normal-309.png,0
Normal-1000.png,0
Normal-2685.png,0
Normal-33.png,0
Normal-1774.png,0
Normal-2970.png,0
Normal-1799.png,0
Normal-2724.png,0
Tuberculosis-61.png,1
Normal-2708.png,0
Normal-2298.png,0
Normal-2808.png,0
Normal-1116.png,0
Normal-1423.png,0
Normal-766.png,0
Tuberculosis-71.png,1
Normal-1906.png,0
Normal-3460.png,0
Tuberculosis-587.png,1
Normal-1332.png,0
Normal-283.png,0
Normal-3382.png,0
Normal-2991.png,0
Tuberculosis-430.png,1
Normal-2230.png,0
Normal-1147.png,0
Normal-1306.png,0
Normal-3192.png,0
Normal-991.png,0
Normal-3052.png,0
Normal-2599.png,0
Normal-3162.png,0
Normal-2399.png,0
Normal-1974.png,0
Normal-2438.png,0
Normal-1333.png,0
Normal-2149.png,0
Normal-2516.png,0
Normal-2260.png,0
Normal-2498.png,0
Tuberculosis-243.png,1
Normal-2187.png,0
Normal-2082.png,0
Normal-2458.png,0
Normal-2177.png,0
Tuberculosis-582.png,1
Normal-3203.png,0
Normal-2014.png,0
Normal-2104.png,0
Normal-1483.png,0
Tuberculosis-532.png,1
Normal-143.png,0
Tuberculosis-87.png,1
Normal-2016.png,0
Normal-887.png,0
Normal-313.png,0
Tuberculosis-529.png,1
Normal-1836.png,0
Normal-203.png,0
Normal-1177.png,0
Normal-2318.png,0
Normal-3151.png,0
Normal-1817.png,0
Tuberculosis-550.png,1
Normal-2930.png,0
Normal-2221.png,0
Tuberculosis-559.png,1
Normal-1264.png,0
Normal-93.png,0
Normal-1674.png,0
Normal-3415.png,0
Normal-3007.png,0
Normal-2152.png,0
Normal-1785.png,0
Normal-357.png,0
Normal-248.png,0
Normal-1402.png,0
Normal-1167.png,0
Normal-1349.png,0
Normal-422.png,0
Normal-3364.png,0
Normal-808.png,0
Normal-3406.png,0
Tuberculosis-541.png,1
Normal-713.png,0
Normal-3325.png,0
Normal-3049.png,0
Normal-3149.png,0
Normal-2921.png,0
Normal-1309.png,0
Normal-2814.png,0
Normal-522.png,0
Normal-830.png,0
Normal-158.png,0
Normal-238.png,0
Normal-2066.png,0
Normal-413.png,0
Normal-3458.png,0
Normal-368.png,0
Normal-2749.png,0
Normal-2517.png,0
Normal-649.png,0
Normal-177.png,0
Tuberculosis-174.png,1
Normal-1199.png,0
Normal-614.png,0
Normal-819.png,0
Normal-1908.png,0
Normal-1899.png,0
Tuberculosis-585.png,1
Normal-806.png,0
Tuberculosis-358.png,1
Normal-3066.png,0
Normal-3163.png,0
Normal-1596.png,0
Normal-1085.png,0
Normal-2764.png,0
Normal-3296.png,0
Normal-960.png,0
Normal-2791.png,0
Normal-2288.png,0
Normal-648.png,0
Normal-1900.png,0
Normal-1708.png,0
Normal-1138.png,0
Normal-1258.png,0
Tuberculosis-54.png,1
Tuberculosis-254.png,1
Normal-1312.png,0
Normal-2167.png,0
Normal-3451.png,0
Normal-1525.png,0
Normal-2316.png,0
Normal-2244.png,0
Tuberculosis-451.png,1
Normal-738.png,0
Normal-1783.png,0
Normal-127.png,0
Normal-3450.png,0
Normal-219.png,0
Normal-479.png,0
Tuberculosis-493.png,1
Normal-3495.png,0
Normal-340.png,0
Normal-789.png,0
Normal-2432.png,0
Normal-827.png,0
Tuberculosis-35.png,1
Normal-3431.png,0
Normal-1614.png,0
Normal-433.png,0
Normal-2761.png,0
Normal-640.png,0
Tuberculosis-171.png,1
Normal-1034.png,0
Tuberculosis-513.png,1
Normal-1580.png,0
Tuberculosis-427.png,1
Normal-2033.png,0
Normal-666.png,0
Normal-1286.png,0
Normal-104.png,0
Normal-772.png,0
Normal-227.png,0
Normal-428.png,0
Tuberculosis-25.png,1
Normal-2129.png,0
Normal-2367.png,0
Normal-1166.png,0
Normal-2737.png,0
Normal-1180.png,0
Normal-1135.png,0
Normal-689.png,0
Tuberculosis-371.png,1
Normal-2862.png,0
Normal-1624.png,0
Normal-771.png,0
Normal-2725.png,0
Tuberculosis-199.png,1
Normal-2927.png,0
Normal-2563.png,0
Normal-1585.png,0
Normal-668.png,0
Normal-1431.png,0
Normal-1695.png,0
Normal-1573.png,0
Normal-302.png,0
Tuberculosis-484.png,1
Tuberculosis-662.png,1
Tuberculosis-157.png,1
Normal-1311.png,0
Tuberculosis-146.png,1
Normal-2851.png,0
Normal-894.png,0
Normal-3165.png,0
Normal-2490.png,0
Tuberculosis-542.png,1
Normal-1765.png,0
Normal-2723.png,0
Normal-24.png,0
Normal-576.png,0
Normal-2427.png,0
Normal-1664.png,0
Normal-206.png,0
Normal-1064.png,0
Normal-1639.png,0
Normal-3405.png,0
Normal-1667.png,0
Normal-1211.png,0
Normal-73.png,0
Normal-1246.png,0
Normal-1650.png,0
Tuberculosis-421.png,1
Normal-2990.png,0
Normal-1154.png,0
Normal-538.png,0
Tuberculosis-616.png,1
Normal-3461.png,0
Normal-1370.png,0
Normal-1395.png,0
Normal-407.png,0
Normal-3269.png,0
Normal-2817.png,0
Tuberculosis-151.png,1
Normal-187.png,0
Normal-3210.png,0
Normal-507.png,0
Normal-2924.png,0
Normal-282.png,0
Normal-3085.png,0
Tuberculosis-520.png,1
Tuberculosis-635.png,1
Normal-2980.png,0
Normal-204.png,0
Tuberculosis-233.png,1
Tuberculosis-73.png,1
Tuberculosis-193.png,1
Tuberculosis-122.png,1
Normal-3092.png,0
Normal-1009.png,0
Normal-2311.png,0
Normal-2273.png,0
Normal-2092.png,0
Normal-3221.png,0
Normal-716.png,0
Normal-2779.png,0
Normal-2564.png,0
Normal-1365.png,0
Tuberculosis-305.png,1
Tuberculosis-341.png,1
Normal-1337.png,0
Tuberculosis-115.png,1
Normal-3044.png,0
Tuberculosis-629.png,1
Normal-875.png,0
Tuberculosis-106.png,1
Normal-1030.png,0
Tuberculosis-317.png,1
Tuberculosis-326.png,1
Normal-993.png,0
Normal-2611.png,0
Normal-3314.png,0
Normal-530.png,0
Normal-2864.png,0
Normal-3307.png,0
Tuberculosis-672.png,1
Normal-750.png,0
Normal-483.png,0
Normal-3185.png,0
Normal-2077.png,0
Normal-164.png,0
Normal-2164.png,0
Normal-287.png,0
Normal-1432.png,0
Tuberculosis-657.png,1
Normal-1962.png,0
Tuberculosis-102.png,1
Normal-1973.png,0
Normal-2613.png,0
Normal-3167.png,0
Tuberculosis-185.png,1
Normal-1618.png,0
Normal-3097.png,0
Normal-2179.png,0
Normal-2618.png,0
Normal-3294.png,0
Normal-1706.png,0
Tuberculosis-525.png,1
Normal-1741.png,0
Normal-56.png,0
Normal-1610.png,0
Normal-1219.png,0
Normal-820.png,0
Normal-1122.png,0
Normal-923.png,0
Normal-1581.png,0
Tuberculosis-400.png,1
Normal-2884.png,0
Normal-3432.png,0
Normal-2084.png,0
Normal-3341.png,0
Normal-3308.png,0
Normal-2253.png,0
Normal-2614.png,0
Normal-1652.png,0
Normal-29.png,0
Normal-2292.png,0
Normal-3346.png,0
Normal-1982.png,0
Normal-1815.png,0
Normal-1076.png,0
Tuberculosis-564.png,1
Normal-815.png,0
Normal-646.png,0
Tuberculosis-260.png,1
Normal-2869.png,0
Normal-1164.png,0
Normal-2449.png,0
Tuberculosis-415.png,1
Normal-2781.png,0
Normal-1287.png,0
Normal-1795.png,0
Normal-3433.png,0
Normal-1953.png,0
Normal-930.png,0
Tuberculosis-458.png,1
Normal-1250.png,0
Tuberculosis-56.png,1
Tuberculosis-3.png,1
Normal-1155.png,0
Normal-2866.png,0
Normal-375.png,0
Normal-2076.png,0
Normal-3193.png,0
Normal-1721.png,0
Normal-3408.png,0
Normal-1583.png,0
Normal-1118.png,0
Normal-2111.png,0
Normal-3122.png,0
Normal-561.png,0
Normal-817.png,0
Tuberculosis-149.png,1
Normal-1770.png,0
Normal-2333.png,0
Normal-1898.png,0
Tuberculosis-154.png,1
Normal-2452.png,0
Normal-439.png,0
Normal-2967.png,0
Normal-385.png,0
Normal-2810.png,0
Normal-3252.png,0
Normal-581.png,0
Normal-2773.png,0
Normal-609.png,0
Normal-545.png,0
Normal-890.png,0
Normal-314.png,0
Normal-621.png,0
Normal-2267.png,0
Normal-2835.png,0
Tuberculosis-287.png,1
Normal-1342.png,0
Normal-2958.png,0
Tuberculosis-78.png,1
Normal-1388.png,0
Normal-2117.png,0
Tuberculosis-442.png,1
Tuberculosis-230.png,1
Normal-1325.png,0
Normal-1472.png,0
Tuberculosis-623.png,1
Normal-2315.png,0
Normal-589.png,0
Normal-27.png,0
Tuberculosis-609.png,1
Normal-548.png,0
Normal-1183.png,0
Normal-3453.png,0
Tuberculosis-463.png,1
Tuberculosis-55.png,1
Normal-2219.png,0
Tuberculosis-524.png,1
Normal-59.png,0
Normal-1705.png,0
Normal-607.png,0
Normal-2707.png,0
Normal-2699.png,0
Tuberculosis-548.png,1
Normal-2471.png,0
Normal-783.png,0
Normal-3427.png,0
Tuberculosis-627.png,1
Normal-1037.png,0
Normal-1595.png,0
Tuberculosis-685.png,1
Tuberculosis-202.png,1
Normal-847.png,0
Normal-3181.png,0
Normal-2147.png,0
Normal-2682.png,0
Normal-1025.png,0
Normal-1759.png,0
Normal-824.png,0
Normal-197.png,0
Normal-2127.png,0
Normal-2007.png,0
Normal-10.png,0
Normal-3190.png,0
Normal-1796.png,0
Normal-2731.png,0
Normal-3204.png,0
Normal-2505.png,0
Tuberculosis-403.png,1
Normal-2195.png,0
Normal-1552.png,0
Normal-2649.png,0
Normal-450.png,0
Normal-1967.png,0
Tuberculosis-606.png,1
Tuberculosis-85.png,1
Tuberculosis-686.png,1
Tuberculosis-41.png,1
Normal-859.png,0
Normal-2558.png,0
Normal-288.png,0
Normal-583.png,0
Normal-2693.png,0
Normal-2867.png,0
Normal-3224.png,0
Normal-1334.png,0
Normal-2748.png,0
Normal-753.png,0
Tuberculosis-601.png,1
Normal-911.png,0
Normal-3217.png,0
Normal-2510.png,0
Normal-2485.png,0
Normal-3101.png,0
Normal-461.png,0
Normal-1373.png,0
Tuberculosis-86.png,1
Normal-2.png,0
Normal-273.png,0
Normal-3395.png,0
Normal-3448.png,0
Normal-38.png,0
Normal-1083.png,0
Tuberculosis-561.png,1
Normal-3471.png,0
Normal-1048.png,0
Tuberculosis-84.png,1
Normal-3075.png,0
Normal-1068.png,0
Normal-1043.png,0
Normal-1207.png,0
Normal-723.png,0
Normal-1757.png,0
Normal-254.png,0
Normal-503.png,0
Normal-3491.png,0
Normal-594.png,0
Normal-466.png,0
Normal-2393.png,0
Tuberculosis-480.png,1
Normal-644.png,0
Normal-784.png,0
Normal-1338.png,0
Normal-1923.png,0
Tuberculosis-68.png,1
Normal-1723.png,0
Normal-3419.png,0
Normal-1242.png,0
Normal-2054.png,0
Normal-1010.png,0
Normal-1438.png,0
Normal-3477.png,0
Normal-873.png,0
Normal-1778.png,0
Normal-638.png,0
Normal-2672.png,0
Tuberculosis-656.png,1
Normal-1491.png,0
Normal-2300.png,0
Normal-1946.png,0
Tuberculosis-46.png,1
Normal-205.png,0
Normal-3304.png,0
Tuberculosis-112.png,1
Normal-3442.png,0
Normal-1880.png,0
Normal-3468.png,0
Normal-2396.png,0
Tuberculosis-501.png,1
Tuberculosis-343.png,1
Normal-1940.png,0
Tuberculosis-553.png,1
Tuberculosis-512.png,1
Normal-3057.png,0
Tuberculosis-408.png,1
Normal-272.png,0
Normal-1780.png,0
Normal-2304.png,0
Normal-1991.png,0
Normal-1016.png,0
Normal-1693.png,0
Tuberculosis-88.png,1
Normal-912.png,0
Normal-739.png,0
Normal-921.png,0
Normal-835.png,0
Tuberculosis-5.png,1
Normal-3183.png,0
Normal-37.png,0
Normal-2898.png,0
Normal-2656.png,0
Normal-902.png,0
Normal-454.png,0
Normal-2390.png,0
Normal-1422.png,0
Normal-1792.png,0
Normal-3363.png,0
Normal-2815.png,0
Normal-1901.png,0
Tuberculosis-280.png,1
Tuberculosis-630.png,1
Normal-596.png,0
Normal-2048.png,0
Normal-1265.png,0
Normal-1448.png,0
Normal-924.png,0
Tuberculosis-504.png,1
Normal-567.png,0
Normal-2887.png,0
Normal-1878.png,0
Normal-2394.png,0
Tuberculosis-693.png,1
Normal-2547.png,0
Normal-828.png,0
Normal-1156.png,0
Normal-3353.png,0
Normal-130.png,0
Normal-1302.png,0
Normal-2733.png,0
Normal-509.png,0
Normal-2677.png,0
Normal-338.png,0
Tuberculosis-342.png,1
Tuberculosis-322.png,1
Normal-216.png,0
Normal-3446.png,0
Normal-211.png,0
Normal-476.png,0
Normal-2022.png,0
Tuberculosis-176.png,1
Normal-622.png,0
Normal-3239.png,0
Normal-1200.png,0
Normal-137.png,0
Tuberculosis-31.png,1
Normal-926.png,0
Normal-2238.png,0
Normal-547.png,0
Normal-1238.png,0
Normal-367.png,0
Normal-2088.png,0
Normal-2676.png,0
Tuberculosis-573.png,1
Tuberculosis-214.png,1
Tuberculosis-666.png,1
Normal-1318.png,0
Normal-1892.png,0
Normal-3472.png,0
Normal-2447.png,0
Normal-1291.png,0
Normal-2435.png,0
Normal-326.png,0
Normal-2827.png,0
Normal-1864.png,0
Normal-2488.png,0
Tuberculosis-238.png,1
Normal-225.png,0
Normal-1902.png,0
Tuberculosis-516.png,1
Normal-176.png,0
Tuberculosis-261.png,1
Normal-506.png,0
Tuberculosis-518.png,1
Normal-568.png,0
Normal-3073.png,0
Normal-1327.png,0
Normal-2000.png,0
Normal-258.png,0
Normal-2068.png,0
Normal-1117.png,0
Normal-1072.png,0
Normal-626.png,0
Normal-3216.png,0
Normal-1932.png,0
Normal-2461.png,0
Normal-720.png,0
Normal-99.png,0
Normal-1681.png,0
Normal-1461.png,0
Normal-1996.png,0
Normal-1121.png,0
Normal-1272.png,0
Normal-2812.png,0
Normal-1945.png,0
Tuberculosis-475.png,1
Normal-3025.png,0
Normal-3423.png,0
Normal-1124.png,0
Normal-43.png,0
Normal-1024.png,0
Tuberculosis-160.png,1
Normal-3313.png,0
Normal-453.png,0
Normal-928.png,0
Tuberculosis-348.png,1
Normal-1142.png,0
Normal-1473.png,0
Normal-2627.png,0
Tuberculosis-665.png,1
Normal-518.png,0
Normal-2468.png,0
Normal-3086.png,0
Normal-1035.png,0
Normal-804.png,0
Tuberculosis-10.png,1
Normal-1012.png,0
Tuberculosis-271.png,1
Normal-1680.png,0
Normal-2710.png,0
Normal-1855.png,0
Normal-862.png,0
Tuberculosis-385.png,1
Normal-1745.png,0
Normal-2301.png,0
Tuberculosis-226.png,1
Tuberculosis-604.png,1
Tuberculosis-113.png,1
Normal-2184.png,0
Normal-396.png,0
Tuberculosis-668.png,1
Normal-2939.png,0
Normal-1150.png,0
Tuberculosis-597.png,1
Normal-1245.png,0
Normal-2768.png,0
Normal-3031.png,0
Normal-2289.png,0
Normal-1613.png,0
Normal-686.png,0
Normal-2870.png,0
Normal-1941.png,0
Normal-3401.png,0
Normal-997.png,0
Normal-3061.png,0
Normal-1617.png,0
Normal-1145.png,0
Normal-19.png,0
Normal-683.png,0
Normal-2515.png,0
Normal-2552.png,0
Normal-1744.png,0
Normal-2344.png,0
Normal-2326.png,0
Normal-498.png,0
Normal-1460.png,0
Tuberculosis-263.png,1
Normal-1096.png,0
Normal-303.png,0
Normal-1433.png,0
Normal-1895.png,0
Normal-3140.png,0
Normal-490.png,0
Normal-1577.png,0
Normal-249.png,0
Tuberculosis-141.png,1
Normal-1717.png,0
Normal-3481.png,0
Normal-3230.png,0
Normal-3480.png,0
Normal-1922.png,0
Normal-2658.png,0
Normal-2698.png,0
Normal-1502.png,0
Normal-1044.png,0
Normal-365.png,0
Normal-3145.png,0
Normal-474.png,0
Tuberculosis-462.png,1
Normal-1556.png,0
Normal-2198.png,0
Normal-2566.png,0
Tuberculosis-28.png,1
Normal-95.png,0
Normal-1123.png,0
Normal-1102.png,0
Normal-2824.png,0
Tuberculosis-276.png,1
Tuberculosis-103.png,1
Normal-1537.png,0
Normal-2956.png,0
Normal-1561.png,0
Normal-209.png,0
Normal-322.png,0
Normal-2585.png,0
Normal-2433.png,0
Normal-2264.png,0
Tuberculosis-621.png,1
Normal-2009.png,0
Normal-629.png,0
Normal-2891.png,0
Tuberculosis-614.png,1
Normal-1456.png,0
Normal-255.png,0
Normal-1966.png,0
Normal-2157.png,0
Normal-1701.png,0
Tuberculosis-386.png,1
Normal-2602.png,0
Normal-2265.png,0
Normal-1215.png,0
Normal-2408.png,0
Tuberculosis-602.png,1
Normal-1090.png,0
Normal-86.png,0
Normal-1361.png,0
Normal-1362.png,0
Normal-2507.png,0
Normal-1488.png,0
Normal-3318.png,0
Normal-1453.png,0
Normal-1443.png,0
Tuberculosis-624.png,1
Normal-2680.png,0
Normal-3069.png,0
Normal-280.png,0
Normal-3498.png,0
Normal-3238.png,0
Normal-2443.png,0
Normal-537.png,0
Normal-2918.png,0
Normal-3335.png,0
Normal-979.png,0
Normal-2579.png,0
Tuberculosis-228.png,1
Tuberculosis-6.png,1
Normal-77.png,0
Normal-2008.png,0
Normal-736.png,0
Normal-656.png,0
Normal-1995.png,0
Normal-2570.png,0
Tuberculosis-660.png,1
Normal-1346.png,0
Normal-975.png,0
Tuberculosis-134.png,1
Normal-3083.png,0
Normal-2281.png,0
Normal-11.png,0
Normal-356.png,0
Normal-1223.png,0
Normal-2151.png,0
Normal-2806.png,0
Normal-1372.png,0
Tuberculosis-83.png,1
Normal-1755.png,0
Normal-2406.png,0
Normal-809.png,0
Normal-398.png,0
Normal-337.png,0
Normal-2208.png,0
Normal-1490.png,0
Normal-2002.png,0
Normal-1752.png,0
Normal-1694.png,0
Normal-2275.png,0
Normal-1112.png,0
Normal-35.png,0
Normal-2170.png,0
Normal-3036.png,0
Normal-1793.png,0
Tuberculosis-682.png,1
Normal-3134.png,0
Normal-1989.png,0
Normal-2581.png,0
Normal-1760.png,0
Normal-1608.png,0
Tuberculosis-27.png,1
Normal-2025.png,0
Normal-2079.png,0
Normal-2156.png,0
Normal-1165.png,0
Normal-1274.png,0
Normal-504.png,0
Normal-1105.png,0
Normal-1399.png,0
Normal-2216.png,0
Tuberculosis-273.png,1
Normal-1911.png,0
Normal-557.png,0
Tuberculosis-397.png,1
Normal-855.png,0
Normal-2028.png,0
Normal-304.png,0
Normal-909.png,0
Normal-553.png,0
Normal-1093.png,0
Normal-2341.png,0
Normal-3429.png,0
Normal-1192.png,0
Tuberculosis-60.png,1
Tuberculosis-255.png,1
Tuberculosis-638.png,1
Normal-2039.png,0
Normal-264.png,0
Tuberculosis-179.png,1
Tuberculosis-620.png,1
Normal-1.png,0
Normal-175.png,0
Normal-637.png,0
Normal-724.png,0
Tuberculosis-448.png,1
Normal-408.png,0
Tuberculosis-74.png,1
Tuberculosis-481.png,1
Normal-349.png,0
Tuberculosis-659.png,1
Normal-3324.png,0
Normal-1247.png,0
Normal-1634.png,0
Normal-2174.png,0
Normal-1339.png,0
Normal-3301.png,0
Normal-1204.png,0
Normal-2941.png,0
Normal-1979.png,0
Normal-63.png,0
Normal-1866.png,0
Normal-3211.png,0
Normal-3331.png,0
Normal-2985.png,0
Normal-2907.png,0
Normal-1879.png,0
Normal-2139.png,0
Normal-1057.png,0
Normal-2745.png,0
Normal-1357.png,0
Tuberculosis-82.png,1
Normal-1050.png,0
Normal-2588.png,0
Normal-1136.png,0
Normal-3344.png,0
Normal-350.png,0
Normal-675.png,0
Normal-1084.png,0
Tuberculosis-232.png,1
Tuberculosis-652.png,1
Normal-1588.png,0
Tuberculosis-486.png,1
Tuberculosis-678.png,1
Normal-1531.png,0
Normal-2448.png,0
Normal-200.png,0
Normal-1485.png,0
Normal-3087.png,0
Normal-639.png,0
Normal-2062.png,0
Normal-487.png,0
Tuberculosis-314.png,1
Normal-1153.png,0
Normal-536.png,0
Normal-874.png,0
Normal-155.png,0
Normal-2358.png,0
Normal-186.png,0
Normal-31.png,0
Normal-517.png,0
Normal-383.png,0
Normal-411.png,0
Normal-2317.png,0
Normal-3207.png,0
Normal-730.png,0
Normal-107.png,0
Normal-1910.png,0
Normal-1237.png,0
Normal-1936.png,0
Normal-106.png,0
Normal-2583.png,0
Tuberculosis-574.png,1
Normal-1572.png,0
Normal-1409.png,0
Normal-2235.png,0
Normal-88.png,0
Normal-3189.png,0
Normal-1320.png,0
Normal-585.png,0
Normal-2375.png,0
Normal-2189.png,0
Normal-2348.png,0
Normal-3245.png,0
Normal-1868.png,0
Normal-3473.png,0
Normal-2715.png,0
Normal-3168.png,0
Tuberculosis-600.png,1
Normal-456.png,0
Normal-2700.png,0
Normal-2197.png,0
Tuberculosis-26.png,1
Normal-717.png,0
Normal-796.png,0
Normal-2575.png,0
Tuberculosis-628.png,1
Normal-2882.png,0
Normal-1426.png,0
Tuberculosis-135.png,1
Normal-980.png,0
Normal-449.png,0
Tuberculosis-14.png,1
Normal-2734.png,0
Normal-546.png,0
Normal-2403.png,0
Normal-3300.png,0
Normal-1060.png,0
Tuberculosis-566.png,1
Normal-2528.png,0
Tuberculosis-536.png,1
Normal-3317.png,0
Normal-3265.png,0
Normal-2453.png,0
Normal-1931.png,0
Normal-670.png,0
Tuberculosis-560.png,1
Normal-2837.png,0
Tuberculosis-698.png,1
Normal-848.png,0
Normal-1551.png,0
Normal-3464.png,0
Normal-1411.png,0
Normal-512.png,0
Normal-2795.png,0
Normal-988.png,0
Normal-1080.png,0
Normal-1467.png,0
Normal-1371.png,0
Normal-1845.png,0
Normal-745.png,0
Normal-1731.png,0
Normal-3347.png,0
Normal-3028.png,0
Normal-91.png,0
Normal-51.png,0
Normal-3229.png,0
Normal-1578.png,0
Normal-2309.png,0
Normal-2841.png,0
Normal-1038.png,0
Normal-2409.png,0
Normal-3268.png,0
Normal-1234.png,0
Normal-1226.png,0
Normal-147.png,0
Normal-965.png,0
Tuberculosis-598.png,1
Normal-871.png,0
Normal-432.png,0
Normal-617.png,0
Normal-577.png,0
Tuberculosis-355.png,1
Normal-2241.png,0
Normal-3220.png,0
Normal-669.png,0
Tuberculosis-523.png,1
Normal-2291.png,0
Tuberculosis-464.png,1
Tuberculosis-252.png,1
Normal-1350.png,0
Tuberculosis-680.png,1
Normal-3306.png,0
Normal-1128.png,0
Normal-2635.png,0
Normal-3328.png,0
Normal-1482.png,0
Normal-1627.png,0
Normal-332.png,0
Normal-2529.png,0
Normal-910.png,0
Normal-2888.png,0
Tuberculosis-293.png,1
Normal-458.png,0
Normal-501.png,0
Normal-3043.png,0
Normal-3428.png,0
Normal-1343.png,0
Normal-660.png,0
Normal-1178.png,0
Normal-3094.png,0
Normal-790.png,0
Normal-253.png,0
Normal-3143.png,0
Normal-1518.png,0
Normal-297.png,0
Normal-1824.png,0
Normal-2361.png,0
Normal-922.png,0
Normal-3023.png,0
Normal-2480.png,0
Normal-1669.png,0
Normal-949.png,0
Normal-2436.png,0
Normal-2825.png,0
Tuberculosis-390.png,1
Tuberculosis-110.png,1
Normal-613.png,0
Normal-1412.png,0
Normal-692.png,0
Normal-1429.png,0
Normal-1160.png,0
Normal-1598.png,0
Normal-970.png,0
Normal-3290.png,0
Normal-120.png,0
Normal-661.png,0
Normal-1655.png,0
Normal-1876.png,0
Normal-220.png,0
Normal-405.png,0
Tuberculosis-116.png,1
Normal-2600.png,0
Normal-2899.png,0
Tuberculosis-692.png,1
Normal-1314.png,0
Normal-92.png,0
Tuberculosis-45.png,1
Normal-1340.png,0
Normal-3228.png,0
Normal-936.png,0
Normal-2984.png,0
Normal-2895.png,0
Normal-1927.png,0
Normal-1275.png,0
Normal-1279.png,0
Tuberculosis-579.png,1
Normal-1074.png,0
Normal-2272.png,0
Normal-2562.png,0
Normal-82.png,0
Normal-2085.png,0
Tuberculosis-196.png,1
Normal-2740.png,0
Tuberculosis-9.png,1
Normal-1410.png,0
Tuberculosis-461.png,1
Normal-1726.png,0
Tuberculosis-435.png,1
Normal-891.png,0
Normal-2982.png,0
Normal-3231.png,0
Normal-1952.png,0
Normal-744.png,0
Tuberculosis-281.png,1
Normal-394.png,0
Normal-3355.png,0
Normal-3278.png,0
Normal-1240.png,0
Normal-2932.png,0
Normal-1081.png,0
Normal-1335.png,0
Normal-3054.png,0
Normal-1378.png,0
Normal-1777.png,0
Normal-2251.png,0
Normal-964.png,0
Normal-1638.png,0
Normal-1589.png,0
Normal-327.png,0
Normal-431.png,0
Normal-2569.png,0
Tuberculosis-375.png,1
Normal-1767.png,0
Normal-3437.png,0
Normal-159.png,0
Normal-709.png,0
Normal-3414.png,0
Normal-2626.png,0
Normal-1653.png,0
Normal-242.png,0
Normal-967.png,0
Normal-2434.png,0
Normal-3465.png,0
Normal-961.png,0
Normal-2739.png,0
Normal-2384.png,0
Normal-2131.png,0
Normal-2828.png,0
Normal-1887.png,0
Normal-1408.png,0
Normal-2246.png,0
Normal-1849.png,0
Tuberculosis-554.png,1
Normal-794.png,0
Normal-1917.png,0
Normal-2673.png,0
Tuberculosis-148.png,1
Normal-1603.png,0
Normal-3357.png,0
Normal-1058.png,0
Normal-2224.png,0
Tuberculosis-327.png,1
Normal-3289.png,0
Normal-141.png,0
Normal-2058.png,0
Normal-2554.png,0
Normal-232.png,0
Normal-23.png,0
Normal-2519.png,0
Tuberculosis-221.png,1
Tuberculosis-16.png,1
Normal-1317.png,0
Normal-3316.png,0
Normal-320.png,0
Normal-2491.png,0
Normal-1468.png,0
Normal-2994.png,0
Normal-954.png,0
Normal-1496.png,0
Tuberculosis-170.png,1
Normal-1819.png,0
Normal-436.png,0
Normal-69.png,0
Normal-564.png,0
Normal-552.png,0
Normal-94.png,0
Normal-2770.png,0
Normal-2380.png,0
Normal-478.png,0
Normal-1205.png,0
Normal-2964.png,0
Normal-65.png,0
Normal-768.png,0
Normal-1283.png,0
Normal-183.png,0
Normal-1769.png,0
Tuberculosis-42.png,1
Normal-531.png,0
Normal-1193.png,0
Normal-3312.png,0
Normal-2242.png,0
Normal-1944.png,0
Normal-1449.png,0
Tuberculosis-446.png,1
Normal-2536.png,0
Normal-2935.png,0
Normal-1098.png,0
Normal-3345.png,0
Normal-1514.png,0
Normal-2938.png,0
Normal-665.png,0
Normal-925.png,0
Normal-983.png,0
Normal-3124.png,0
Normal-1042.png,0
Normal-608.png,0
Normal-2038.png,0
Normal-2234.png,0
Normal-2546.png,0
Normal-1463.png,0
Normal-2395.png,0
Normal-933.png,0
Normal-3434.png,0
Normal-2690.png,0
Normal-481.png,0
Tuberculosis-689.png,1
Tuberculosis-467.png,1
Normal-1643.png,0
Normal-1353.png,0
Tuberculosis-651.png,1
Normal-3191.png,0
Normal-2250.png,0
Normal-246.png,0
Normal-3258.png,0
Normal-3441.png,0
Normal-2474.png,0
Normal-1832.png,0
Normal-2223.png,0
Tuberculosis-161.png,1
Normal-132.png,0
Normal-1591.png,0
Normal-2996.png,0
Normal-1369.png,0
Normal-985.png,0
Tuberculosis-688.png,1
Tuberculosis-92.png,1
Normal-2287.png,0
Normal-335.png,0
Normal-3398.png,0
Normal-1328.png,0
Normal-401.png,0
Normal-3090.png,0
Normal-128.png,0
Normal-773.png,0
Normal-1191.png,0
Normal-180.png,0
Normal-3469.png,0
Normal-2609.png,0
Normal-1260.png,0
Normal-3349.png,0
Normal-3340.png,0
Tuberculosis-425.png,1
Normal-1606.png,0
Normal-3112.png,0
Normal-2185.png,0
Normal-1051.png,0
Normal-1881.png,0
Normal-2919.png,0
Tuberculosis-409.png,1
Normal-2134.png,0
Tuberculosis-410.png,1
Normal-1101.png,0
Normal-2382.png,0
Normal-1217.png,0
Normal-3310.png,0
Normal-2785.png,0
Normal-435.png,0
Tuberculosis-364.png,1
Tuberculosis-181.png,1
Normal-947.png,0
Normal-1987.png,0
Normal-1533.png,0
Tuberculosis-625.png,1
Normal-3039.png,0
Normal-1254.png,0
Normal-1487.png,0
Normal-1620.png,0
Normal-1018.png,0
Normal-3311.png,0
Tuberculosis-372.png,1
Normal-403.png,0
Normal-2095.png,0
Normal-2654.png,0
Normal-2049.png,0
Normal-417.png,0
Normal-1647.png,0
Normal-2089.png,0
Normal-2610.png,0
Tuberculosis-297.png,1
Normal-2792.png,0
Normal-785.png,0
Normal-270.png,0
Normal-2451.png,0
Tuberculosis-643.png,1
Normal-2549.png,0
Normal-3171.png,0
Tuberculosis-473.png,1
Normal-193.png,0
Normal-1854.png,0
Normal-2441.png,0
Normal-2034.png,0
Normal-1870.png,0
Normal-2532.png,0
Normal-606.png,0
Normal-1590.png,0
Normal-1297.png,0
Normal-3157.png,0
Tuberculosis-32.png,1
Normal-937.png,0
Tuberculosis-17.png,1
Normal-1278.png,0
Normal-2176.png,0
Normal-2143.png,0
Normal-360.png,0
Tuberculosis-696.png,1
Tuberculosis-59.png,1
Tuberculosis-145.png,1
Normal-3227.png,0
Normal-2944.png,0
Normal-463.png,0
Tuberculosis-194.png,1
Normal-445.png,0
Normal-1636.png,0
Normal-791.png,0
Tuberculosis-144.png,1
Normal-994.png,0
Normal-2732.png,0
Normal-642.png,0
Tuberculosis-441.png,1
Normal-3397.png,0
Normal-2766.png,0
Normal-582.png,0
Normal-482.png,0
Normal-294.png,0
Normal-2847.png,0
Normal-2362.png,0
Tuberculosis-360.png,1
Normal-1997.png,0
Normal-919.png,0
Tuberculosis-290.png,1
Normal-2363.png,0
Normal-628.png,0
Normal-2664.png,0
Normal-2313.png,0
Tuberculosis-189.png,1
Normal-1267.png,0
Normal-2172.png,0
Normal-1348.png,0
Normal-3237.png,0
Normal-1390.png,0
Tuberculosis-517.png,1
Normal-1387.png,0
Normal-2178.png,0
Normal-3091.png,0
Normal-1929.png,0
Normal-2041.png,0
Normal-217.png,0
Normal-3068.png,0
Normal-1790.png,0
Normal-1743.png,0
Normal-3005.png,0
Normal-767.png,0
Normal-816.png,0
Normal-1251.png,0
Normal-2133.png,0
Tuberculosis-142.png,1
Normal-838.png,0
Normal-2229.png,0
Normal-3113.png,0
Normal-2845.png,0
Normal-990.png,0
Normal-2190.png,0
Normal-2495.png,0
Normal-1073.png,0
Normal-2822.png,0
Tuberculosis-423.png,1
Normal-726.png,0
Normal-44.png,0
Tuberculosis-477.png,1
Normal-2987.png,0
Normal-3467.png,0
Normal-2056.png,0
Normal-2568.png,0
Normal-2270.png,0
Normal-3001.png,0
Normal-1499.png,0
Normal-3283.png,0
Normal-2506.png,0
Normal-1964.png,0
Normal-3425.png,0
Normal-1781.png,0
Normal-1679.png,0
Normal-3206.png,0
Normal-1812.png,0
Tuberculosis-456.png,1
Normal-521.png,0
Normal-2183.png,0
Normal-539.png,0
Tuberculosis-454.png,1
Normal-906.png,0
Normal-1698.png,0
Normal-3482.png,0
Normal-940.png,0
Tuberculosis-89.png,1
Normal-440.png,0
Tuberculosis-109.png,1
Normal-775.png,0
Normal-3333.png,0
Tuberculosis-634.png,1
Normal-680.png,0
Normal-721.png,0
Normal-2090.png,0
Normal-934.png,0
Normal-2976.png,0
Normal-1718.png,0
Normal-361.png,0
Tuberculosis-687.png,1
Normal-62.png,0
Normal-1733.png,0
Normal-602.png,0
Normal-1710.png,0
Normal-2203.png,0
Normal-1392.png,0
Normal-3186.png,0
Normal-3360.png,0
Normal-1484.png,0
Normal-2209.png,0
Normal-1194.png,0
Normal-2521.png,0
Normal-3202.png,0
Tuberculosis-592.png,1
Tuberculosis-335.png,1
Normal-3476.png,0
Normal-2322.png,0
Normal-2863.png,0
Normal-2470.png,0
Tuberculosis-424.png,1
Tuberculosis-282.png,1
Normal-2228.png,0
Normal-2712.png,0
Tuberculosis-391.png,1
Normal-7.png,0
Normal-185.png,0
Normal-1856.png,0
Normal-1266.png,0
Normal-3483.png,0
Normal-3123.png,0
Normal-2285.png,0
Normal-2776.png,0
Normal-1421.png,0
Normal-2961.png,0
Normal-1548.png,0
Normal-655.png,0
Normal-2232.png,0
Normal-387.png,0
Normal-1003.png,0
Normal-455.png,0
Tuberculosis-350.png,1
Normal-2578.png,0
Normal-3309.png,0
Normal-845.png,0
Tuberculosis-126.png,1
Tuberculosis-197.png,1
Normal-2202.png,0
Normal-1436.png,0
Normal-3276.png,0
Normal-281.png,0
Normal-90.png,0
Normal-3336.png,0
Tuberculosis-153.png,1
Tuberculosis-264.png,1
Normal-1538.png,0
Tuberculosis-4.png,1
Normal-1969.png,0
Normal-1686.png,0
Normal-2121.png,0
Normal-2031.png,0
Normal-3089.png,0
Normal-2741.png,0
Tuberculosis-234.png,1
Tuberculosis-178.png,1
Normal-563.png,0
Normal-883.png,0
Normal-2191.png,0
Normal-2359.png,0
Normal-3016.png,0
Tuberculosis-120.png,1
Normal-2282.png,0
Normal-3098.png,0
Normal-3214.png,0
Normal-18.png,0
Tuberculosis-470.png,1
Normal-329.png,0
Normal-2212.png,0
Normal-2126.png,0
Normal-682.png,0
Normal-2796.png,0
Tuberculosis-613.png,1
Normal-1203.png,0
Normal-1835.png,0
Normal-3096.png,0
Normal-777.png,0
Tuberculosis-472.png,1
Normal-1894.png,0
Normal-579.png,0
Normal-1021.png,0
Normal-2061.png,0
Normal-3128.png,0
Tuberculosis-515.png,1
Normal-2161.png,0
Normal-2069.png,0
Normal-2035.png,0
Normal-1564.png,0
Normal-1140.png,0
Normal-2342.png,0
Normal-6.png,0
Normal-2424.png,0
Normal-1660.png,0
Normal-3387.png,0
Normal-948.png,0
Normal-112.png,0
Normal-1747.png,0
Normal-184.png,0
Normal-2307.png,0
Normal-2345.png,0
Tuberculosis-619.png,1
Normal-2454.png,0
Normal-1382.png,0
Normal-2204.png,0
Normal-46.png,0
Normal-797.png,0
Normal-1763.png,0
Normal-1716.png,0
Normal-170.png,0
Normal-122.png,0
Normal-1804.png,0
Normal-28.png,0
Normal-1442.png,0
Normal-1075.png,0
Normal-1401.png,0
Normal-1814.png,0
Normal-812.png,0
Normal-144.png,0
Normal-1696.png,0
Normal-822.png,0
Normal-1522.png,0
Normal-3182.png,0
Normal-1592.png,0
Normal-1935.png,0
Normal-627.png,0
Normal-3354.png,0
Normal-109.png,0
Tuberculosis-498.png,1
Normal-2883.png,0
Normal-459.png,0
Normal-1834.png,0
Normal-1842.png,0
Normal-1968.png,0
Normal-941.png,0
Normal-3053.png,0
Normal-2150.png,0
Tuberculosis-241.png,1
Normal-414.png,0
Normal-468.png,0
Normal-1492.png,0
Normal-3474.png,0
Normal-999.png,0
Normal-1988.png,0
Normal-3323.png,0
Normal-325.png,0
Normal-2514.png,0
Normal-392.png,0
Normal-1869.png,0
Normal-2325.png,0
Tuberculosis-496.png,1
Normal-2163.png,0
Normal-1176.png,0
Normal-2196.png,0
Tuberculosis-48.png,1
Normal-1100.png,0
Normal-1663.png,0
Normal-1582.png,0
Normal-2005.png,0
Normal-169.png,0
Normal-3370.png,0
Normal-2587.png,0
Normal-3115.png,0
Tuberculosis-133.png,1
Normal-860.png,0
Normal-348.png,0
Normal-1520.png,0
Normal-1751.png,0
Normal-1965.png,0
Normal-2180.png,0
Normal-2125.png,0
Normal-2936.png,0
Normal-708.png,0
Normal-3215.png,0
Normal-1437.png,0
Normal-2353.png,0
Normal-1985.png,0
Normal-1830.png,0
Normal-551.png,0
Normal-369.png,0
Normal-121.png,0
Normal-584.png,0
Normal-1146.png,0
Normal-150.png,0
Normal-2905.png,0
Tuberculosis-567.png,1
Normal-963.png,0
Tuberculosis-387.png,1
Normal-856.png,0
Normal-513.png,0
Normal-1918.png,0
Tuberculosis-440.png,1
Normal-2295.png,0
Tuberculosis-13.png,1
Normal-944.png,0
Normal-142.png,0
Normal-346.png,0
Normal-2369.png,0
Normal-2329.png,0
Normal-32.png,0
Normal-1470.png,0
Normal-2934.png,0
Normal-2109.png,0
Normal-788.png,0
Tuberculosis-130.png,1
Normal-1826.png,0
Tuberculosis-184.png,1
Tuberculosis-581.png,1
Normal-131.png,0
Normal-2032.png,0
Normal-1418.png,0
Normal-2391.png,0
Normal-1285.png,0
Normal-3264.png,0
Normal-2169.png,0
Tuberculosis-268.png,1
Normal-747.png,0
Normal-541.png,0
Normal-171.png,0
Tuberculosis-626.png,1
Normal-319.png,0
Normal-1839.png,0
Normal-2335.png,0
Normal-2026.png,0
Normal-2527.png,0
Normal-3356.png,0
Normal-905.png,0
Normal-467.png,0
Normal-244.png,0
Normal-2909.png,0
Normal-1489.png,0
Normal-1688.png,0
Normal-2324.png,0
Normal-3376.png,0
Tuberculosis-494.png,1
Normal-1709.png,0
Normal-1630.png,0
Normal-1998.png,0
Normal-3147.png,0
Normal-1455.png,0
Normal-1691.png,0
Tuberculosis-690.png,1
Normal-2199.png,0
Normal-156.png,0
Normal-1218.png,0
Normal-1791.png,0
Normal-2097.png,0
Normal-78.png,0
Normal-1738.png,0
Normal-100.png,0
Normal-2608.png,0
Normal-1821.png,0
Tuberculosis-344.png,1
Normal-1503.png,0
Normal-2601.png,0
Normal-1299.png,0
Normal-971.png,0
Normal-3367.png,0
Tuberculosis-479.png,1
Normal-1126.png,0
Tuberculosis-675.png,1
Normal-2115.png,0
Normal-3033.png,0
Normal-1809.png,0
Normal-1977.png,0
Normal-1822.png,0
Normal-2240.png,0
